MAPPING;FUNCTION;OBJ;WIDTH;REPEATS;RMAX;GEOM_OFF?;TESS_OFF?;ALPHA;X;Y;Z;EXPECTED_RESULT;ACTUAL_RESULT;GRAPHICS_FPS;COMPUTE_FPS;
SPHERICAL;spherical_area;octahedron.1.0.0.0.0.0.0.obj;2048;1000;10000.0;0;0;3.14159265359;0;0;0;12.5663706144;0;6175.09;2982.8
SPHERICAL;spherical_area;wide_triangle.obj;2048;1000;10000.0;0;0;3.14159265359;0;0;0;1.56938261347;1.04894;6185.55;2933.33
SPHERICAL;spherical_area;octahedron.1.0.0.0.0.0.0.obj;1536;1000;10000.0;0;0;3.14159265359;0;0;0;12.5663706144;0;10997.6;4538.11
SPHERICAL;spherical_area;wide_triangle.obj;1536;1000;10000.0;0;0;3.14159265359;0;0;0;1.56938261347;0.702111;10579.7;4528.29
SPHERICAL;spherical_area;octahedron.1.0.0.0.0.0.0.obj;1024;1000;10000.0;0;0;3.14159265359;0;0;0;12.5663706144;0;21737.2;4874.1
SPHERICAL;spherical_area;wide_triangle.obj;1024;1000;10000.0;0;0;3.14159265359;0;0;0;1.56938261347;1.04801;21108.2;8141.07
SPHERICAL;spherical_area;octahedron.1.0.0.0.0.0.0.obj;768;1000;10000.0;0;0;3.14159265359;0;0;0;12.5663706144;0;34018.2;11081.3
SPHERICAL;spherical_area;wide_triangle.obj;768;1000;10000.0;0;0;3.14159265359;0;0;0;1.56938261347;0.704304;34379.6;11121.9
SPHERICAL;spherical_area;octahedron.1.0.0.0.0.0.0.obj;512;1000;10000.0;0;0;3.14159265359;0;0;0;12.5663706144;0;61128.4;21749.5
SPHERICAL;spherical_area;wide_triangle.obj;512;1000;10000.0;0;0;3.14159265359;0;0;0;1.56938261347;1.04615;61996.3;21663.8
SPHERICAL;spherical_area;octahedron.1.0.0.0.0.0.0.obj;256;1000;10000.0;0;0;3.14159265359;0;0;0;12.5663706144;0;83549.2;34958.9
SPHERICAL;spherical_area;wide_triangle.obj;256;1000;10000.0;0;0;3.14159265359;0;0;0;1.56938261347;1.04243;81926.9;35012.8
SPHERICAL;spherical_area;octahedron.1.0.0.0.0.0.0.obj;2048;1000;10000.0;0;0;1.57079632679;0;0;0;12.5663706144;0;6365.25;2999.58
SPHERICAL;spherical_area;wide_triangle.obj;2048;1000;10000.0;0;0;1.57079632679;0;0;0;1.56938261347;1.04894;6065.42;2919.49
SPHERICAL;spherical_area;octahedron.1.0.0.0.0.0.0.obj;1536;1000;10000.0;0;0;1.57079632679;0;0;0;12.5663706144;0;10890.9;4554.67
SPHERICAL;spherical_area;wide_triangle.obj;1536;1000;10000.0;0;0;1.57079632679;0;0;0;1.56938261347;0.702111;10563.6;4564.08
SPHERICAL;spherical_area;octahedron.1.0.0.0.0.0.0.obj;1024;1000;10000.0;0;0;1.57079632679;0;0;0;12.5663706144;0;22422;7981.42
SPHERICAL;spherical_area;wide_triangle.obj;1024;1000;10000.0;0;0;1.57079632679;0;0;0;1.56938261347;1.04801;21426.1;7991.94
SPHERICAL;spherical_area;octahedron.1.0.0.0.0.0.0.obj;768;1000;10000.0;0;0;1.57079632679;0;0;0;12.5663706144;0;35819.2;10934.3
SPHERICAL;spherical_area;wide_triangle.obj;768;1000;10000.0;0;0;1.57079632679;0;0;0;1.56938261347;0.704304;33878.8;11053.8
SPHERICAL;spherical_area;octahedron.1.0.0.0.0.0.0.obj;512;1000;10000.0;0;0;1.57079632679;0;0;0;12.5663706144;0;61068.7;21836
SPHERICAL;spherical_area;wide_triangle.obj;512;1000;10000.0;0;0;1.57079632679;0;0;0;1.56938261347;1.04615;59375.4;22066.3
SPHERICAL;spherical_area;octahedron.1.0.0.0.0.0.0.obj;256;1000;10000.0;0;0;1.57079632679;0;0;0;12.5663706144;0;83375;35082.8
SPHERICAL;spherical_area;wide_triangle.obj;256;1000;10000.0;0;0;1.57079632679;0;0;0;1.56938261347;1.04243;81873.3;34026.3
SPHERICAL;spherical_area;octahedron.1.0.0.0.0.0.0.obj;2048;1000;10000.0;0;0;1.0471975512;0;0;0;12.5663706144;12.0304;5444.13;2908.88
SPHERICAL;spherical_area;wide_triangle.obj;2048;1000;10000.0;0;0;1.0471975512;0;0;0;1.56938261347;1.35119;6050.85;2781.46
SPHERICAL;spherical_area;octahedron.1.0.0.0.0.0.0.obj;1536;1000;10000.0;0;0;1.0471975512;0;0;0;12.5663706144;8.02054;8561.94;4513.92
SPHERICAL;spherical_area;wide_triangle.obj;1536;1000;10000.0;0;0;1.0471975512;0;0;0;1.56938261347;0.90024;10426.9;4421.84
SPHERICAL;spherical_area;octahedron.1.0.0.0.0.0.0.obj;1024;1000;10000.0;0;0;1.0471975512;0;0;0;12.5663706144;12.0313;15146;7587.02
SPHERICAL;spherical_area;wide_triangle.obj;1024;1000;10000.0;0;0;1.0471975512;0;0;0;1.56938261347;1.34889;21378;8140.34
SPHERICAL;spherical_area;octahedron.1.0.0.0.0.0.0.obj;768;1000;10000.0;0;0;1.0471975512;0;0;0;12.5663706144;8.02085;23225.6;11218.9
SPHERICAL;spherical_area;wide_triangle.obj;768;1000;10000.0;0;0;1.0471975512;0;0;0;1.56938261347;0.898285;33264.6;11117.8
SPHERICAL;spherical_area;octahedron.1.0.0.0.0.0.0.obj;512;1000;10000.0;0;0;1.0471975512;0;0;0;12.5663706144;12.0329;44444.4;22021.6
SPHERICAL;spherical_area;wide_triangle.obj;512;1000;10000.0;0;0;1.0471975512;0;0;0;1.56938261347;1.34425;62254.9;21741.5
SPHERICAL;spherical_area;octahedron.1.0.0.0.0.0.0.obj;256;1000;10000.0;0;0;1.0471975512;0;0;0;12.5663706144;12.0315;61770.3;35015.2
SPHERICAL;spherical_area;wide_triangle.obj;256;1000;10000.0;0;0;1.0471975512;0;0;0;1.56938261347;1.33642;80938.9;32043.1
SPHERICAL;spherical_area;octahedron.1.0.0.0.0.0.0.obj;2048;1000;10000.0;0;0;0.785398163397;0;0;0;12.5663706144;12.0304;5425.02;2911.49
SPHERICAL;spherical_area;wide_triangle.obj;2048;1000;10000.0;0;0;0.785398163397;0;0;0;1.56938261347;1.35119;6054.55;2905.2
SPHERICAL;spherical_area;octahedron.1.0.0.0.0.0.0.obj;1536;1000;10000.0;0;0;0.785398163397;0;0;0;12.5663706144;8.02054;8600.52;4558.65
SPHERICAL;spherical_area;wide_triangle.obj;1536;1000;10000.0;0;0;0.785398163397;0;0;0;1.56938261347;0.90024;10325.2;4479.42
SPHERICAL;spherical_area;octahedron.1.0.0.0.0.0.0.obj;1024;1000;10000.0;0;0;0.785398163397;0;0;0;12.5663706144;12.0313;15667.8;8030.64
SPHERICAL;spherical_area;wide_triangle.obj;1024;1000;10000.0;0;0;0.785398163397;0;0;0;1.56938261347;1.34889;21375.3;8095.79
SPHERICAL;spherical_area;octahedron.1.0.0.0.0.0.0.obj;768;1000;10000.0;0;0;0.785398163397;0;0;0;12.5663706144;8.02085;23763.1;10959.4
SPHERICAL;spherical_area;wide_triangle.obj;768;1000;10000.0;0;0;0.785398163397;0;0;0;1.56938261347;0.898285;33794.1;10988.6
SPHERICAL;spherical_area;octahedron.1.0.0.0.0.0.0.obj;512;1000;10000.0;0;0;0.785398163397;0;0;0;12.5663706144;12.0329;47346.2;21668.9
SPHERICAL;spherical_area;wide_triangle.obj;512;1000;10000.0;0;0;0.785398163397;0;0;0;1.56938261347;1.34425;62309.2;21247.2
SPHERICAL;spherical_area;octahedron.1.0.0.0.0.0.0.obj;256;1000;10000.0;0;0;0.785398163397;0;0;0;12.5663706144;12.0315;65815.5;35118.5
SPHERICAL;spherical_area;wide_triangle.obj;256;1000;10000.0;0;0;0.785398163397;0;0;0;1.56938261347;1.33642;63147.3;30942.5
SPHERICAL;spherical_area;octahedron.1.0.0.0.0.0.0.obj;2048;1000;10000.0;0;0;0.628318530718;0;0;0;12.5663706144;12.3709;4915.21;2894.45
SPHERICAL;spherical_area;wide_triangle.obj;2048;1000;10000.0;0;0;0.628318530718;0;0;0;1.56938261347;1.50421;6011.6;2881.84
SPHERICAL;spherical_area;octahedron.1.0.0.0.0.0.0.obj;1536;1000;10000.0;0;0;0.628318530718;0;0;0;12.5663706144;8.24713;8379.35;4494.1
SPHERICAL;spherical_area;wide_triangle.obj;1536;1000;10000.0;0;0;0.628318530718;0;0;0;1.56938261347;1.00157;10377.4;4527.98
SPHERICAL;spherical_area;octahedron.1.0.0.0.0.0.0.obj;1024;1000;10000.0;0;0;0.628318530718;0;0;0;12.5663706144;12.3719;15526.3;8017.38
SPHERICAL;spherical_area;wide_triangle.obj;1024;1000;10000.0;0;0;0.628318530718;0;0;0;1.56938261347;1.49901;21307;8057.3
SPHERICAL;spherical_area;octahedron.1.0.0.0.0.0.0.obj;768;1000;10000.0;0;0;0.628318530718;0;0;0;12.5663706144;8.24621;23995.2;10938.6
SPHERICAL;spherical_area;wide_triangle.obj;768;1000;10000.0;0;0;0.628318530718;0;0;0;1.56938261347;0.99646;33638.3;11027.2
SPHERICAL;spherical_area;octahedron.1.0.0.0.0.0.0.obj;512;1000;10000.0;0;0;0.628318530718;0;0;0;12.5663706144;12.371;46087.2;21808.8
SPHERICAL;spherical_area;wide_triangle.obj;512;1000;10000.0;0;0;0.628318530718;0;0;0;1.56938261347;1.49783;63055.7;21881.4
SPHERICAL;spherical_area;octahedron.1.0.0.0.0.0.0.obj;256;1000;10000.0;0;0;0.628318530718;0;0;0;12.5663706144;12.3656;65798.1;35353.2
SPHERICAL;spherical_area;wide_triangle.obj;256;1000;10000.0;0;0;0.628318530718;0;0;0;1.56938261347;1.47672;81340.5;35134.6
SPHERICAL;spherical_area;octahedron.1.0.0.0.0.0.0.obj;2048;1000;10000.0;0;0;0.523598775598;0;0;0;12.5663706144;12.3709;4922.3;2934.96
SPHERICAL;spherical_area;wide_triangle.obj;2048;1000;10000.0;0;0;0.523598775598;0;0;0;1.56938261347;1.50421;6008.68;2995.88
SPHERICAL;spherical_area;octahedron.1.0.0.0.0.0.0.obj;1536;1000;10000.0;0;0;0.523598775598;0;0;0;12.5663706144;8.24713;8360.64;4489.82
SPHERICAL;spherical_area;wide_triangle.obj;1536;1000;10000.0;0;0;0.523598775598;0;0;0;1.56938261347;1.00157;10363.6;4254.67
SPHERICAL;spherical_area;octahedron.1.0.0.0.0.0.0.obj;1024;1000;10000.0;0;0;0.523598775598;0;0;0;12.5663706144;12.3719;15518.8;8144.85
SPHERICAL;spherical_area;wide_triangle.obj;1024;1000;10000.0;0;0;0.523598775598;0;0;0;1.56938261347;1.49901;20790.9;7982.5
SPHERICAL;spherical_area;octahedron.1.0.0.0.0.0.0.obj;768;1000;10000.0;0;0;0.523598775598;0;0;0;12.5663706144;8.24621;23931.5;11187.6
SPHERICAL;spherical_area;wide_triangle.obj;768;1000;10000.0;0;0;0.523598775598;0;0;0;1.56938261347;0.99646;33705.2;10977.8
SPHERICAL;spherical_area;octahedron.1.0.0.0.0.0.0.obj;512;1000;10000.0;0;0;0.523598775598;0;0;0;12.5663706144;12.371;45926.3;21891.4
SPHERICAL;spherical_area;wide_triangle.obj;512;1000;10000.0;0;0;0.523598775598;0;0;0;1.56938261347;1.49783;61549.8;21875.1
SPHERICAL;spherical_area;octahedron.1.0.0.0.0.0.0.obj;256;1000;10000.0;0;0;0.523598775598;0;0;0;12.5663706144;12.3656;66427.5;34995.6
SPHERICAL;spherical_area;wide_triangle.obj;256;1000;10000.0;0;0;0.523598775598;0;0;0;1.56938261347;1.47672;81413.3;33302.3
SPHERICAL;spherical_area;octahedron.1.0.0.0.0.0.0.obj;2048;1000;10000.0;0;0;0.448798950513;0;0;0;12.5663706144;12.4689;4934.25;2917.71
SPHERICAL;spherical_area;wide_triangle.obj;2048;1000;10000.0;0;0;0.448798950513;0;0;0;1.56938261347;1.5114;5986.91;2946.4
SPHERICAL;spherical_area;octahedron.1.0.0.0.0.0.0.obj;1536;1000;10000.0;0;0;0.448798950513;0;0;0;12.5663706144;8.31143;8518.03;4474.11
SPHERICAL;spherical_area;wide_triangle.obj;1536;1000;10000.0;0;0;0.448798950513;0;0;0;1.56938261347;1.00684;6472.74;4029.03
SPHERICAL;spherical_area;octahedron.1.0.0.0.0.0.0.obj;1024;1000;10000.0;0;0;0.448798950513;0;0;0;12.5663706144;12.4685;15897.5;6309.79
SPHERICAL;spherical_area;wide_triangle.obj;1024;1000;10000.0;0;0;0.448798950513;0;0;0;1.56938261347;1.5084;21149.7;7963.18
SPHERICAL;spherical_area;octahedron.1.0.0.0.0.0.0.obj;768;1000;10000.0;0;0;0.448798950513;0;0;0;12.5663706144;8.31301;24407.5;10921.1
SPHERICAL;spherical_area;wide_triangle.obj;768;1000;10000.0;0;0;0.448798950513;0;0;0;1.56938261347;1.00379;33420.2;11033.4
SPHERICAL;spherical_area;octahedron.1.0.0.0.0.0.0.obj;512;1000;10000.0;0;0;0.448798950513;0;0;0;12.5663706144;12.4645;45842.1;21571.7
SPHERICAL;spherical_area;wide_triangle.obj;512;1000;10000.0;0;0;0.448798950513;0;0;0;1.56938261347;1.50234;64102.6;21906.8
SPHERICAL;spherical_area;octahedron.1.0.0.0.0.0.0.obj;256;1000;10000.0;0;0;0.448798950513;0;0;0;12.5663706144;12.4721;66965.8;35111.1
SPHERICAL;spherical_area;wide_triangle.obj;256;1000;10000.0;0;0;0.448798950513;0;0;0;1.56938261347;1.49162;79226.7;35143.2
SPHERICAL;spherical_area;octahedron.1.0.0.0.0.0.0.obj;2048;1000;10000.0;0;0;0.392699081699;0;0;0;12.5663706144;12.4689;4889.66;2921.88
SPHERICAL;spherical_area;wide_triangle.obj;2048;1000;10000.0;0;0;0.392699081699;0;0;0;1.56938261347;1.5114;5959.69;2983.76
SPHERICAL;spherical_area;octahedron.1.0.0.0.0.0.0.obj;1536;1000;10000.0;0;0;0.392699081699;0;0;0;12.5663706144;8.31143;8521.01;4547.05
SPHERICAL;spherical_area;wide_triangle.obj;1536;1000;10000.0;0;0;0.392699081699;0;0;0;1.56938261347;1.00684;10299.4;4549.03
SPHERICAL;spherical_area;octahedron.1.0.0.0.0.0.0.obj;1024;1000;10000.0;0;0;0.392699081699;0;0;0;12.5663706144;12.4685;15916.5;8113.2
SPHERICAL;spherical_area;wide_triangle.obj;1024;1000;10000.0;0;0;0.392699081699;0;0;0;1.56938261347;1.5084;21167.2;7924.24
SPHERICAL;spherical_area;octahedron.1.0.0.0.0.0.0.obj;768;1000;10000.0;0;0;0.392699081699;0;0;0;12.5663706144;8.31301;24370;11234.7
SPHERICAL;spherical_area;wide_triangle.obj;768;1000;10000.0;0;0;0.392699081699;0;0;0;1.56938261347;1.00379;32301.8;11052.5
SPHERICAL;spherical_area;octahedron.1.0.0.0.0.0.0.obj;512;1000;10000.0;0;0;0.392699081699;0;0;0;12.5663706144;12.4645;45806.4;21015.9
SPHERICAL;spherical_area;wide_triangle.obj;512;1000;10000.0;0;0;0.392699081699;0;0;0;1.56938261347;1.50234;62379.1;21911.1
SPHERICAL;spherical_area;octahedron.1.0.0.0.0.0.0.obj;256;1000;10000.0;0;0;0.392699081699;0;0;0;12.5663706144;12.4721;66912;35215
SPHERICAL;spherical_area;wide_triangle.obj;256;1000;10000.0;0;0;0.392699081699;0;0;0;1.56938261347;1.49162;80840.7;35081.6
SPHERICAL;spherical_area;octahedron.1.0.0.0.0.0.0.obj;2048;1000;10000.0;0;0;0.349065850399;0;0;0;12.5663706144;12.5082;4925.87;2991.46
SPHERICAL;spherical_area;wide_triangle.obj;2048;1000;10000.0;0;0;0.349065850399;0;0;0;1.56938261347;1.54434;5988.63;2903.74
SPHERICAL;spherical_area;octahedron.1.0.0.0.0.0.0.obj;1536;1000;10000.0;0;0;0.349065850399;0;0;0;12.5663706144;8.33899;8249.6;4480.81
SPHERICAL;spherical_area;wide_triangle.obj;1536;1000;10000.0;0;0;0.349065850399;0;0;0;1.56938261347;1.02854;10288;4498.14
SPHERICAL;spherical_area;octahedron.1.0.0.0.0.0.0.obj;1024;1000;10000.0;0;0;0.349065850399;0;0;0;12.5663706144;12.5057;15238.8;8151.02
SPHERICAL;spherical_area;wide_triangle.obj;1024;1000;10000.0;0;0;0.349065850399;0;0;0;1.56938261347;1.53966;21130.9;8018.02
SPHERICAL;spherical_area;octahedron.1.0.0.0.0.0.0.obj;768;1000;10000.0;0;0;0.349065850399;0;0;0;12.5663706144;8.33765;23961.9;10979.4
SPHERICAL;spherical_area;wide_triangle.obj;768;1000;10000.0;0;0;0.349065850399;0;0;0;1.56938261347;1.02659;33306.7;11251.4
SPHERICAL;spherical_area;octahedron.1.0.0.0.0.0.0.obj;512;1000;10000.0;0;0;0.349065850399;0;0;0;12.5663706144;12.5094;43727.3;22189.2
SPHERICAL;spherical_area;wide_triangle.obj;512;1000;10000.0;0;0;0.349065850399;0;0;0;1.56938261347;1.53374;62375.2;21933.7
SPHERICAL;spherical_area;octahedron.1.0.0.0.0.0.0.obj;256;1000;10000.0;0;0;0.349065850399;0;0;0;12.5663706144;12.509;64499.5;33190.6
SPHERICAL;spherical_area;wide_triangle.obj;256;1000;10000.0;0;0;0.349065850399;0;0;0;1.56938261347;1.52756;80457;35014
SPHERICAL;spherical_area;octahedron.1.0.0.0.0.0.0.obj;2048;1000;10000.0;0;0;0.314159265359;0;0;0;12.5663706144;12.5082;4943.4;2880.04
SPHERICAL;spherical_area;wide_triangle.obj;2048;1000;10000.0;0;0;0.314159265359;0;0;0;1.56938261347;1.54434;5969.01;2878.19
SPHERICAL;spherical_area;octahedron.1.0.0.0.0.0.0.obj;1536;1000;10000.0;0;0;0.314159265359;0;0;0;12.5663706144;8.33899;8213.69;4488.05
SPHERICAL;spherical_area;wide_triangle.obj;1536;1000;10000.0;0;0;0.314159265359;0;0;0;1.56938261347;1.02854;10292.1;4455.43
SPHERICAL;spherical_area;octahedron.1.0.0.0.0.0.0.obj;1024;1000;10000.0;0;0;0.314159265359;0;0;0;12.5663706144;12.5057;12982.3;7855.09
SPHERICAL;spherical_area;wide_triangle.obj;1024;1000;10000.0;0;0;0.314159265359;0;0;0;1.56938261347;1.53966;20711.7;8035.87
SPHERICAL;spherical_area;octahedron.1.0.0.0.0.0.0.obj;768;1000;10000.0;0;0;0.314159265359;0;0;0;12.5663706144;8.33765;23777.8;11056.9
SPHERICAL;spherical_area;wide_triangle.obj;768;1000;10000.0;0;0;0.314159265359;0;0;0;1.56938261347;1.02659;33314.5;10917.4
SPHERICAL;spherical_area;octahedron.1.0.0.0.0.0.0.obj;512;1000;10000.0;0;0;0.314159265359;0;0;0;12.5663706144;12.5094;43775.2;21525.7
SPHERICAL;spherical_area;wide_triangle.obj;512;1000;10000.0;0;0;0.314159265359;0;0;0;1.56938261347;1.53374;62004;21833.6
SPHERICAL;spherical_area;octahedron.1.0.0.0.0.0.0.obj;256;1000;10000.0;0;0;0.314159265359;0;0;0;12.5663706144;12.509;64771;35119.8
SPHERICAL;spherical_area;wide_triangle.obj;256;1000;10000.0;0;0;0.314159265359;0;0;0;1.56938261347;1.52756;79339.9;35065.6
SPHERICAL;volume;octahedron.1.0.0.0.0.0.0.obj;2048;1000;10000.0;0;0;3.14159265359;0;0;0;1.33333333332;0;6358.94;2854.78
SPHERICAL;volume;wide_triangle.obj;2048;1000;10000.0;0;0;3.14159265359;0;0;0;0;0.723224;6178.22;2849.13
SPHERICAL;volume;octahedron.1.0.0.0.0.0.0.obj;1536;1000;10000.0;0;0;3.14159265359;0;0;0;1.33333333332;0;10985;4504.44
SPHERICAL;volume;wide_triangle.obj;1536;1000;10000.0;0;0;3.14159265359;0;0;0;0;0.484844;10613.6;4329.36
SPHERICAL;volume;octahedron.1.0.0.0.0.0.0.obj;1024;1000;10000.0;0;0;3.14159265359;0;0;0;1.33333333332;0;22423.5;7928.52
SPHERICAL;volume;wide_triangle.obj;1024;1000;10000.0;0;0;3.14159265359;0;0;0;0;0.722524;21934.6;7911.27
SPHERICAL;volume;octahedron.1.0.0.0.0.0.0.obj;768;1000;10000.0;0;0;3.14159265359;0;0;0;1.33333333332;0;34980.9;10779.2
SPHERICAL;volume;wide_triangle.obj;768;1000;10000.0;0;0;3.14159265359;0;0;0;0;0.487039;34202.1;10851.4
SPHERICAL;volume;octahedron.1.0.0.0.0.0.0.obj;512;1000;10000.0;0;0;3.14159265359;0;0;0;1.33333333332;0;63528.4;21437.1
SPHERICAL;volume;wide_triangle.obj;512;1000;10000.0;0;0;3.14159265359;0;0;0;0;0.721093;61800.9;22028.9
SPHERICAL;volume;octahedron.1.0.0.0.0.0.0.obj;256;1000;10000.0;0;0;3.14159265359;0;0;0;1.33333333332;0;82095.1;35381.9
SPHERICAL;volume;wide_triangle.obj;256;1000;10000.0;0;0;3.14159265359;0;0;0;0;0.718212;81619.3;35393.2
SPHERICAL;volume;octahedron.1.0.0.0.0.0.0.obj;2048;1000;10000.0;0;0;1.57079632679;0;0;0;1.33333333332;0;6412.06;2881.38
SPHERICAL;volume;wide_triangle.obj;2048;1000;10000.0;0;0;1.57079632679;0;0;0;0;0.723224;6178.79;2973.41
SPHERICAL;volume;octahedron.1.0.0.0.0.0.0.obj;1536;1000;10000.0;0;0;1.57079632679;0;0;0;1.33333333332;0;10850.8;4335.37
SPHERICAL;volume;wide_triangle.obj;1536;1000;10000.0;0;0;1.57079632679;0;0;0;0;0.484844;10509.6;4437.92
SPHERICAL;volume;octahedron.1.0.0.0.0.0.0.obj;1024;1000;10000.0;0;0;1.57079632679;0;0;0;1.33333333332;0;22638.8;7918.97
SPHERICAL;volume;wide_triangle.obj;1024;1000;10000.0;0;0;1.57079632679;0;0;0;0;0.722524;21921.7;8076.96
SPHERICAL;volume;octahedron.1.0.0.0.0.0.0.obj;768;1000;10000.0;0;0;1.57079632679;0;0;0;1.33333333332;0;35511.4;10870.9
SPHERICAL;volume;wide_triangle.obj;768;1000;10000.0;0;0;1.57079632679;0;0;0;0;0.487039;34181;10848.5
SPHERICAL;volume;octahedron.1.0.0.0.0.0.0.obj;512;1000;10000.0;0;0;1.57079632679;0;0;0;1.33333333332;0;61225.7;21541.5
SPHERICAL;volume;wide_triangle.obj;512;1000;10000.0;0;0;1.57079632679;0;0;0;0;0.721093;61908;21795
SPHERICAL;volume;octahedron.1.0.0.0.0.0.0.obj;256;1000;10000.0;0;0;1.57079632679;0;0;0;1.33333333332;0;82966.9;33823.8
SPHERICAL;volume;wide_triangle.obj;256;1000;10000.0;0;0;1.57079632679;0;0;0;0;0.718212;82877.5;35260.9
SPHERICAL;volume;octahedron.1.0.0.0.0.0.0.obj;2048;1000;10000.0;0;0;1.0471975512;0;0;0;1.33333333332;1.87206;5445.94;2865.85
SPHERICAL;volume;wide_triangle.obj;2048;1000;10000.0;0;0;1.0471975512;0;0;0;0;0.427785;6035.77;2869.42
SPHERICAL;volume;octahedron.1.0.0.0.0.0.0.obj;1536;1000;10000.0;0;0;1.0471975512;0;0;0;1.33333333332;1.24805;8610.67;4434.41
SPHERICAL;volume;wide_triangle.obj;1536;1000;10000.0;0;0;1.0471975512;0;0;0;0;0.285012;10444.7;4507.49
SPHERICAL;volume;octahedron.1.0.0.0.0.0.0.obj;1024;1000;10000.0;0;0;1.0471975512;0;0;0;1.33333333332;1.87212;15710.7;7853.73
SPHERICAL;volume;wide_triangle.obj;1024;1000;10000.0;0;0;1.0471975512;0;0;0;0;0.427008;21030.9;7970.86
SPHERICAL;volume;octahedron.1.0.0.0.0.0.0.obj;768;1000;10000.0;0;0;1.0471975512;0;0;0;1.33333333332;1.24804;23779;10763
SPHERICAL;volume;wide_triangle.obj;768;1000;10000.0;0;0;1.0471975512;0;0;0;0;0.284318;33770.1;11158.2
SPHERICAL;volume;octahedron.1.0.0.0.0.0.0.obj;512;1000;10000.0;0;0;1.0471975512;0;0;0;1.33333333332;1.87224;46208.6;21802.2
SPHERICAL;volume;wide_triangle.obj;512;1000;10000.0;0;0;1.0471975512;0;0;0;0;0.425457;62869.4;21980.9
SPHERICAL;volume;octahedron.1.0.0.0.0.0.0.obj;256;1000;10000.0;0;0;1.0471975512;0;0;0;1.33333333332;1.87213;65889.2;32072.9
SPHERICAL;volume;wide_triangle.obj;256;1000;10000.0;0;0;1.0471975512;0;0;0;0;0.422694;80560.7;35489.9
SPHERICAL;volume;octahedron.1.0.0.0.0.0.0.obj;2048;1000;10000.0;0;0;0.785398163397;0;0;0;1.33333333332;1.87206;5433.45;2894.2
SPHERICAL;volume;wide_triangle.obj;2048;1000;10000.0;0;0;0.785398163397;0;0;0;0;0.427785;6064.06;2775.84
SPHERICAL;volume;octahedron.1.0.0.0.0.0.0.obj;1536;1000;10000.0;0;0;0.785398163397;0;0;0;1.33333333332;1.24805;8009.55;4271.79
SPHERICAL;volume;wide_triangle.obj;1536;1000;10000.0;0;0;0.785398163397;0;0;0;0;0.285012;9727.72;4281.74
SPHERICAL;volume;octahedron.1.0.0.0.0.0.0.obj;1024;1000;10000.0;0;0;0.785398163397;0;0;0;1.33333333332;1.87212;14594.1;7559.21
SPHERICAL;volume;wide_triangle.obj;1024;1000;10000.0;0;0;0.785398163397;0;0;0;0;0.427008;19752.7;7613.36
SPHERICAL;volume;octahedron.1.0.0.0.0.0.0.obj;768;1000;10000.0;0;0;0.785398163397;0;0;0;1.33333333332;1.24804;22047.8;10451.2
SPHERICAL;volume;wide_triangle.obj;768;1000;10000.0;0;0;0.785398163397;0;0;0;0;0.284318;30700.3;10445.3
SPHERICAL;volume;octahedron.1.0.0.0.0.0.0.obj;512;1000;10000.0;0;0;0.785398163397;0;0;0;1.33333333332;1.87224;42538.7;19951.7
SPHERICAL;volume;wide_triangle.obj;512;1000;10000.0;0;0;0.785398163397;0;0;0;0;0.425457;54884.7;21278
SPHERICAL;volume;octahedron.1.0.0.0.0.0.0.obj;256;1000;10000.0;0;0;0.785398163397;0;0;0;1.33333333332;1.87213;61323.4;34325.3
SPHERICAL;volume;wide_triangle.obj;256;1000;10000.0;0;0;0.785398163397;0;0;0;0;0.422694;75637.2;33816.9
SPHERICAL;volume;octahedron.1.0.0.0.0.0.0.obj;2048;1000;10000.0;0;0;0.628318530718;0;0;0;1.33333333332;1.5639;4590.29;2762.93
SPHERICAL;volume;wide_triangle.obj;2048;1000;10000.0;0;0;0.628318530718;0;0;0;0;0.393963;5611.77;2770.8
SPHERICAL;volume;octahedron.1.0.0.0.0.0.0.obj;1536;1000;10000.0;0;0;0.628318530718;0;0;0;1.33333333332;1.04257;7848.62;4285.19
SPHERICAL;volume;wide_triangle.obj;1536;1000;10000.0;0;0;0.628318530718;0;0;0;0;0.262251;9649.62;4244
SPHERICAL;volume;octahedron.1.0.0.0.0.0.0.obj;1024;1000;10000.0;0;0;0.628318530718;0;0;0;1.33333333332;1.56397;14560.7;7674.07
SPHERICAL;volume;wide_triangle.obj;1024;1000;10000.0;0;0;0.628318530718;0;0;0;0;0.392265;19600.5;7492.66
SPHERICAL;volume;octahedron.1.0.0.0.0.0.0.obj;768;1000;10000.0;0;0;0.628318530718;0;0;0;1.33333333332;1.04244;22338.4;10482
SPHERICAL;volume;wide_triangle.obj;768;1000;10000.0;0;0;0.628318530718;0;0;0;0;0.260609;30669.2;10526.2
SPHERICAL;volume;octahedron.1.0.0.0.0.0.0.obj;512;1000;10000.0;0;0;0.628318530718;0;0;0;1.33333333332;1.56391;42636.7;19692.8
SPHERICAL;volume;wide_triangle.obj;512;1000;10000.0;0;0;0.628318530718;0;0;0;0;0.39236;56003.6;20388.2
SPHERICAL;volume;octahedron.1.0.0.0.0.0.0.obj;256;1000;10000.0;0;0;0.628318530718;0;0;0;1.33333333332;1.56323;61888.8;33952.4
SPHERICAL;volume;wide_triangle.obj;256;1000;10000.0;0;0;0.628318530718;0;0;0;0;0.385457;73110.1;30634.4
SPHERICAL;volume;octahedron.1.0.0.0.0.0.0.obj;2048;1000;10000.0;0;0;0.523598775598;0;0;0;1.33333333332;1.5639;4591.75;2792.53
SPHERICAL;volume;wide_triangle.obj;2048;1000;10000.0;0;0;0.523598775598;0;0;0;0;0.393963;5595.75;2782.46
SPHERICAL;volume;octahedron.1.0.0.0.0.0.0.obj;1536;1000;10000.0;0;0;0.523598775598;0;0;0;1.33333333332;1.04257;7830.73;4262.17
SPHERICAL;volume;wide_triangle.obj;1536;1000;10000.0;0;0;0.523598775598;0;0;0;0;0.262251;9634.19;4268.69
SPHERICAL;volume;octahedron.1.0.0.0.0.0.0.obj;1024;1000;10000.0;0;0;0.523598775598;0;0;0;1.33333333332;1.56397;15553.1;8058.67
SPHERICAL;volume;wide_triangle.obj;1024;1000;10000.0;0;0;0.523598775598;0;0;0;0;0.392265;20815.1;7856.32
SPHERICAL;volume;octahedron.1.0.0.0.0.0.0.obj;768;1000;10000.0;0;0;0.523598775598;0;0;0;1.33333333332;1.04244;23987.7;10772
SPHERICAL;volume;wide_triangle.obj;768;1000;10000.0;0;0;0.523598775598;0;0;0;0;0.260609;32700;11139.8
SPHERICAL;volume;octahedron.1.0.0.0.0.0.0.obj;512;1000;10000.0;0;0;0.523598775598;0;0;0;1.33333333332;1.56391;45848.4;21992.5
SPHERICAL;volume;wide_triangle.obj;512;1000;10000.0;0;0;0.523598775598;0;0;0;0;0.39236;62492.2;21959.2
SPHERICAL;volume;octahedron.1.0.0.0.0.0.0.obj;256;1000;10000.0;0;0;0.523598775598;0;0;0;1.33333333332;1.56323;65603.9;35384.5
SPHERICAL;volume;wide_triangle.obj;256;1000;10000.0;0;0;0.523598775598;0;0;0;0;0.385457;72722;31187.6
SPHERICAL;volume;octahedron.1.0.0.0.0.0.0.obj;2048;1000;10000.0;0;0;0.448798950513;0;0;0;1.33333333332;1.46284;4594.76;2788.75
SPHERICAL;volume;wide_triangle.obj;2048;1000;10000.0;0;0;0.448798950513;0;0;0;0;0.359992;5588.25;2798.51
SPHERICAL;volume;octahedron.1.0.0.0.0.0.0.obj;1536;1000;10000.0;0;0;0.448798950513;0;0;0;1.33333333332;0.975059;7899.83;4267.69
SPHERICAL;volume;wide_triangle.obj;1536;1000;10000.0;0;0;0.448798950513;0;0;0;0;0.239791;9482.9;4243.78
SPHERICAL;volume;octahedron.1.0.0.0.0.0.0.obj;1024;1000;10000.0;0;0;0.448798950513;0;0;0;1.33333333332;1.46277;14777.6;7626.6
SPHERICAL;volume;wide_triangle.obj;1024;1000;10000.0;0;0;0.448798950513;0;0;0;0;0.359209;19538.5;7565.27
SPHERICAL;volume;octahedron.1.0.0.0.0.0.0.obj;768;1000;10000.0;0;0;0.448798950513;0;0;0;1.33333333332;0.975276;20380.3;10390.7
SPHERICAL;volume;wide_triangle.obj;768;1000;10000.0;0;0;0.448798950513;0;0;0;0;0.239;30748.4;10671.8
SPHERICAL;volume;octahedron.1.0.0.0.0.0.0.obj;512;1000;10000.0;0;0;0.448798950513;0;0;0;1.33333333332;1.46223;41870.8;21250.4
SPHERICAL;volume;wide_triangle.obj;512;1000;10000.0;0;0;0.448798950513;0;0;0;0;0.357642;55075.2;21204
SPHERICAL;volume;octahedron.1.0.0.0.0.0.0.obj;256;1000;10000.0;0;0;0.448798950513;0;0;0;1.33333333332;1.46336;62680.2;33992.8
SPHERICAL;volume;wide_triangle.obj;256;1000;10000.0;0;0;0.448798950513;0;0;0;0;0.354594;73249.3;33982.4
SPHERICAL;volume;octahedron.1.0.0.0.0.0.0.obj;2048;1000;10000.0;0;0;0.392699081699;0;0;0;1.33333333332;1.46284;4611.67;2783.17
SPHERICAL;volume;wide_triangle.obj;2048;1000;10000.0;0;0;0.392699081699;0;0;0;0;0.359992;5568.61;2784.85
SPHERICAL;volume;octahedron.1.0.0.0.0.0.0.obj;1536;1000;10000.0;0;0;0.392699081699;0;0;0;1.33333333332;0.975059;7927.32;4162.42
SPHERICAL;volume;wide_triangle.obj;1536;1000;10000.0;0;0;0.392699081699;0;0;0;0;0.239791;9576.8;4276.46
SPHERICAL;volume;octahedron.1.0.0.0.0.0.0.obj;1024;1000;10000.0;0;0;0.392699081699;0;0;0;1.33333333332;1.46277;14810.6;7506.83
SPHERICAL;volume;wide_triangle.obj;1024;1000;10000.0;0;0;0.392699081699;0;0;0;0;0.359209;19536.6;7654.92
SPHERICAL;volume;octahedron.1.0.0.0.0.0.0.obj;768;1000;10000.0;0;0;0.392699081699;0;0;0;1.33333333332;0.975276;22473.9;10753.6
SPHERICAL;volume;wide_triangle.obj;768;1000;10000.0;0;0;0.392699081699;0;0;0;0;0.239;30434.9;10662.5
SPHERICAL;volume;octahedron.1.0.0.0.0.0.0.obj;512;1000;10000.0;0;0;0.392699081699;0;0;0;1.33333333332;1.46223;41621.6;21186.4
SPHERICAL;volume;wide_triangle.obj;512;1000;10000.0;0;0;0.392699081699;0;0;0;0;0.357642;55925.3;20993.8
SPHERICAL;volume;octahedron.1.0.0.0.0.0.0.obj;256;1000;10000.0;0;0;0.392699081699;0;0;0;1.33333333332;1.46336;61839.1;34372.5
SPHERICAL;volume;wide_triangle.obj;256;1000;10000.0;0;0;0.392699081699;0;0;0;0;0.354594;70091.8;33259.1
SPHERICAL;volume;octahedron.1.0.0.0.0.0.0.obj;2048;1000;10000.0;0;0;0.349065850399;0;0;0;1.33333333332;1.4162;4519.47;2749.63
SPHERICAL;volume;wide_triangle.obj;2048;1000;10000.0;0;0;0.349065850399;0;0;0;0;0.354561;5572.43;2775.5
SPHERICAL;volume;octahedron.1.0.0.0.0.0.0.obj;1536;1000;10000.0;0;0;0.349065850399;0;0;0;1.33333333332;0.944154;7691.3;4270.22
SPHERICAL;volume;wide_triangle.obj;1536;1000;10000.0;0;0;0.349065850399;0;0;0;0;0.23608;9559.86;4254.25
SPHERICAL;volume;octahedron.1.0.0.0.0.0.0.obj;1024;1000;10000.0;0;0;0.349065850399;0;0;0;1.33333333332;1.41579;14291.4;7624.22
SPHERICAL;volume;wide_triangle.obj;1024;1000;10000.0;0;0;0.349065850399;0;0;0;0;0.353282;19478;7595.67
SPHERICAL;volume;octahedron.1.0.0.0.0.0.0.obj;768;1000;10000.0;0;0;0.349065850399;0;0;0;1.33333333332;0.943897;22201;10560.3
SPHERICAL;volume;wide_triangle.obj;768;1000;10000.0;0;0;0.349065850399;0;0;0;0;0.235556;30477.6;10546
SPHERICAL;volume;octahedron.1.0.0.0.0.0.0.obj;512;1000;10000.0;0;0;0.349065850399;0;0;0;1.33333333332;1.41636;39950.5;21217.5
SPHERICAL;volume;wide_triangle.obj;512;1000;10000.0;0;0;0.349065850399;0;0;0;0;0.351634;54761.5;21216.1
SPHERICAL;volume;octahedron.1.0.0.0.0.0.0.obj;256;1000;10000.0;0;0;0.349065850399;0;0;0;1.33333333332;1.41625;61173.3;34087.8
SPHERICAL;volume;wide_triangle.obj;256;1000;10000.0;0;0;0.349065850399;0;0;0;0;0.350437;73158.2;31524.9
SPHERICAL;volume;octahedron.1.0.0.0.0.0.0.obj;2048;1000;10000.0;0;0;0.314159265359;0;0;0;1.33333333332;1.4162;4505.62;2781.61
SPHERICAL;volume;wide_triangle.obj;2048;1000;10000.0;0;0;0.314159265359;0;0;0;0;0.354561;5585.72;2793.73
SPHERICAL;volume;octahedron.1.0.0.0.0.0.0.obj;1536;1000;10000.0;0;0;0.314159265359;0;0;0;1.33333333332;0.944154;7727.8;4233.23
SPHERICAL;volume;wide_triangle.obj;1536;1000;10000.0;0;0;0.314159265359;0;0;0;0;0.23608;7693.73;4226.01
SPHERICAL;volume;octahedron.1.0.0.0.0.0.0.obj;1024;1000;10000.0;0;0;0.314159265359;0;0;0;1.33333333332;1.41579;14263.9;6987.97
SPHERICAL;volume;wide_triangle.obj;1024;1000;10000.0;0;0;0.314159265359;0;0;0;0;0.353282;19388.1;7220.84
SPHERICAL;volume;octahedron.1.0.0.0.0.0.0.obj;768;1000;10000.0;0;0;0.314159265359;0;0;0;1.33333333332;0.943897;22226.2;9833.91
SPHERICAL;volume;wide_triangle.obj;768;1000;10000.0;0;0;0.314159265359;0;0;0;0;0.235556;30470.2;10585.7
SPHERICAL;volume;octahedron.1.0.0.0.0.0.0.obj;512;1000;10000.0;0;0;0.314159265359;0;0;0;1.33333333332;1.41636;38686.2;19538.5
SPHERICAL;volume;wide_triangle.obj;512;1000;10000.0;0;0;0.314159265359;0;0;0;0;0.351634;54761.5;20538.1
SPHERICAL;volume;octahedron.1.0.0.0.0.0.0.obj;256;1000;10000.0;0;0;0.314159265359;0;0;0;1.33333333332;1.41625;60912.5;34499.4
SPHERICAL;volume;wide_triangle.obj;256;1000;10000.0;0;0;0.314159265359;0;0;0;0;0.350437;74250.1;34273.6
CUBE;spherical_area;octahedron.1.0.0.0.0.0.0.obj;512;1000;10000.0;;;;;0;0;0;12.5663706144;12.5663;5597.94;2194.9
CUBE;spherical_area;wide_triangle.obj;512;1000;10000.0;;;;;0;0;0;1.56938261347;1.57355;7167.07;2145.23
CUBE;spherical_area;octahedron.1.0.0.0.0.0.0.obj;384;1000;10000.0;;;;;0;0;0;12.5663706144;8.37753;9202;4797.59
CUBE;spherical_area;wide_triangle.obj;384;1000;10000.0;;;;;0;0;0;1.56938261347;1.05009;11753.2;4885.96
CUBE;spherical_area;octahedron.1.0.0.0.0.0.0.obj;256;1000;10000.0;;;;;0;0;0;12.5663706144;12.5663;16714.9;13519.4
CUBE;spherical_area;wide_triangle.obj;256;1000;10000.0;;;;;0;0;0;1.56938261347;1.5763;22150.8;13717.8
CUBE;spherical_area;octahedron.1.0.0.0.0.0.0.obj;192;1000;10000.0;;;;;0;0;0;12.5663706144;8.37736;26317.9;20381.1
CUBE;spherical_area;wide_triangle.obj;192;1000;10000.0;;;;;0;0;0;1.56938261347;1.05297;32129.5;20419.4
CUBE;spherical_area;octahedron.1.0.0.0.0.0.0.obj;128;1000;10000.0;;;;;0;0;0;12.5663706144;12.566;41387.3;31050.1
CUBE;spherical_area;wide_triangle.obj;128;1000;10000.0;;;;;0;0;0;1.56938261347;1.58175;47616.8;27980.6
CUBE;spherical_area;octahedron.1.0.0.0.0.0.0.obj;96;1000;10000.0;;;;;0;0;0;12.5663706144;8.37669;44650.8;29602.4
CUBE;spherical_area;wide_triangle.obj;96;1000;10000.0;;;;;0;0;0;1.56938261347;1.05867;48506;34111.1
CUBE;spherical_area;octahedron.1.0.0.0.0.0.0.obj;64;1000;10000.0;;;;;0;0;0;12.5663706144;12.5649;47196.5;35949.2
CUBE;spherical_area;wide_triangle.obj;64;1000;10000.0;;;;;0;0;0;1.56938261347;1.5925;43651;31216.8
CUBE;volume;octahedron.1.0.0.0.0.0.0.obj;512;1000;10000.0;;;;;0;0;0;1.33333333332;1.33332;5317.79;2083.68
CUBE;volume;wide_triangle.obj;512;1000;10000.0;;;;;0;0;0;0;0.333806;7173.19;2080.78
CUBE;volume;octahedron.1.0.0.0.0.0.0.obj;384;1000;10000.0;;;;;0;0;0;1.33333333332;0.88886;9252.49;4876.15
CUBE;volume;wide_triangle.obj;384;1000;10000.0;;;;;0;0;0;0;0.223507;11817.3;4856.33
CUBE;volume;octahedron.1.0.0.0.0.0.0.obj;256;1000;10000.0;;;;;0;0;0;1.33333333332;1.33328;16553;13589.2
CUBE;volume;wide_triangle.obj;256;1000;10000.0;;;;;0;0;0;0;0.334274;21698.6;13660.6
CUBE;volume;octahedron.1.0.0.0.0.0.0.obj;192;1000;10000.0;;;;;0;0;0;1.33333333332;0.888774;26336.6;20283.2
CUBE;volume;wide_triangle.obj;192;1000;10000.0;;;;;0;0;0;0;0.224781;32028.7;19577.1
CUBE;volume;octahedron.1.0.0.0.0.0.0.obj;128;1000;10000.0;;;;;0;0;0;1.33333333332;1.33312;41862;30759.8
CUBE;volume;wide_triangle.obj;128;1000;10000.0;;;;;0;0;0;0;0.335197;46429.6;31071.3
CUBE;volume;octahedron.1.0.0.0.0.0.0.obj;96;1000;10000.0;;;;;0;0;0;1.33333333332;0.888429;44369.5;31027
CUBE;volume;wide_triangle.obj;96;1000;10000.0;;;;;0;0;0;0;0.227293;48042.3;30093.3
CUBE;volume;octahedron.1.0.0.0.0.0.0.obj;64;1000;10000.0;;;;;0;0;0;1.33333333332;1.33248;23048.9;23548.3
CUBE;volume;wide_triangle.obj;64;1000;10000.0;;;;;0;0;0;0;0.336984;48381.6;35880.9
